filename                  ,latitude          ,longitude         ,speed_kmh         ,bearing,timestamp
FILE190526-182923F-1.jpg  ,25.228273333333334,121.51431166666667,24.08             ,144    ,2019-05-26 10:29:22
FILE190526-182923F-2.jpg  ,25.228224166666667,121.51433916666667,24.025            ,148    ,2019-05-26 10:29:22.500000
FILE190526-182923F-3.jpg  ,25.228175         ,121.51436666666666,23.97             ,152    ,2019-05-26 10:29:23
FILE190526-182923F-4.jpg  ,25.228124166666667,121.51439333333333,23.95             ,153    ,2019-05-26 10:29:23.500000
FILE190526-182923F-5.jpg  ,25.228073333333334,121.51442         ,23.93             ,155    ,2019-05-26 10:29:24
FILE190526-182923F-6.jpg  ,25.228020833333332,121.514445        ,24.335            ,157    ,2019-05-26 10:29:24.500000
FILE190526-182923F-7.jpg  ,25.227968333333333,121.51447         ,24.74             ,159    ,2019-05-26 10:29:25
FILE190526-182923F-8.jpg  ,25.227913333333333,121.5144925       ,25.174999999999997,159    ,2019-05-26 10:29:25.500000
FILE190526-182923F-9.jpg  ,25.227858333333334,121.514515        ,25.61             ,159    ,2019-05-26 10:29:26
FILE190526-182923F-10.jpg ,25.227800833333333,121.51453583333333,25.865000000000002,159    ,2019-05-26 10:29:26.500000
FILE190526-182923F-11.jpg ,25.227743333333333,121.51455666666666,26.12             ,160    ,2019-05-26 10:29:27
FILE190526-182923F-12.jpg ,25.227685833333332,121.51457666666667,26.015            ,160    ,2019-05-26 10:29:27.500000
FILE190526-182923F-13.jpg ,25.22762833333333 ,121.51459666666666,25.91             ,161    ,2019-05-26 10:29:28
FILE190526-182923F-14.jpg ,25.2275725        ,121.51461833333333,25.545            ,160    ,2019-05-26 10:29:28.500000
FILE190526-182923F-15.jpg ,25.227516666666666,121.51464         ,25.18             ,160    ,2019-05-26 10:29:29
FILE190526-182923F-16.jpg ,25.2274625        ,121.51466083333332,25.07             ,160    ,2019-05-26 10:29:29.500000
FILE190526-182923F-17.jpg ,25.227408333333333,121.51468166666666,24.96             ,160    ,2019-05-26 10:29:30
FILE190526-182923F-18.jpg ,25.227356666666665,121.51470583333332,24.695            ,158    ,2019-05-26 10:29:30.500000
FILE190526-182923F-19.jpg ,25.227305         ,121.51473         ,24.43             ,156    ,2019-05-26 10:29:31
FILE190526-182923F-20.jpg ,25.227251666666668,121.51475583333334,24.75             ,156    ,2019-05-26 10:29:31.500000
FILE190526-182923F-21.jpg ,25.227198333333334,121.51478166666666,25.07             ,156    ,2019-05-26 10:29:32
FILE190526-182923F-22.jpg ,25.227146666666666,121.51480916666667,25.085            ,154    ,2019-05-26 10:29:32.500000
FILE190526-182923F-23.jpg ,25.227095         ,121.51483666666667,25.10             ,153    ,2019-05-26 10:29:33
FILE190526-182923F-24.jpg ,25.227044166666666,121.51486750000001,25.095            ,151    ,2019-05-26 10:29:33.500000
FILE190526-182923F-25.jpg ,25.226993333333333,121.51489833333333,25.09             ,150    ,2019-05-26 10:29:34
FILE190526-182923F-26.jpg ,25.2269425        ,121.51493166666667,25.39             ,149    ,2019-05-26 10:29:34.500000
FILE190526-182923F-27.jpg ,25.226891666666667,121.514965        ,25.69             ,148    ,2019-05-26 10:29:35
FILE190526-182923F-28.jpg ,25.226839166666664,121.51499916666667,25.92             ,148    ,2019-05-26 10:29:35.500000
FILE190526-182923F-29.jpg ,25.226786666666666,121.51503333333334,26.15             ,148    ,2019-05-26 10:29:36
FILE190526-182923F-30.jpg ,25.226734999999998,121.5150675       ,25.945            ,148    ,2019-05-26 10:29:36.500000
FILE190526-182923F-31.jpg ,25.226683333333334,121.51510166666667,25.74             ,149    ,2019-05-26 10:29:37
FILE190526-182923F-32.jpg ,25.226631666666666,121.51513249999999,25.534999999999997,150    ,2019-05-26 10:29:37.500000
FILE190526-182923F-33.jpg ,25.22658          ,121.51516333333333,25.33             ,151    ,2019-05-26 10:29:38
FILE190526-182923F-34.jpg ,25.226528333333334,121.51519583333334,25.45             ,150    ,2019-05-26 10:29:38.500000
FILE190526-182923F-35.jpg ,25.226476666666667,121.51522833333334,25.57             ,150    ,2019-05-26 10:29:39
FILE190526-182923F-36.jpg ,25.226429166666666,121.51526916666667,25.53             ,149    ,2019-05-26 10:29:39.500000
FILE190526-182923F-37.jpg ,25.226381666666665,121.51531         ,25.49             ,149    ,2019-05-26 10:29:40
FILE190526-182923F-38.jpg ,25.226330833333332,121.51534583333333,25.479999999999997,149    ,2019-05-26 10:29:40.500000
FILE190526-182923F-39.jpg ,25.22628          ,121.51538166666667,25.47             ,149    ,2019-05-26 10:29:41
FILE190526-182923F-40.jpg ,25.226230833333332,121.51541666666667,25.369999999999997,148    ,2019-05-26 10:29:41.500000
FILE190526-182923F-41.jpg ,25.226181666666665,121.51545166666666,25.27             ,148    ,2019-05-26 10:29:42
FILE190526-182923F-42.jpg ,25.226131666666667,121.515485        ,25.215            ,148    ,2019-05-26 10:29:42.500000
FILE190526-182923F-43.jpg ,25.226081666666666,121.51551833333333,25.16             ,148    ,2019-05-26 10:29:43
FILE190526-182923F-44.jpg ,25.226031666666664,121.51555166666667,25.22             ,148    ,2019-05-26 10:29:43.500000
FILE190526-182923F-45.jpg ,25.225981666666666,121.515585        ,25.28             ,149    ,2019-05-26 10:29:44
FILE190526-182923F-46.jpg ,25.225930833333333,121.51561749999999,25.3              ,149    ,2019-05-26 10:29:44.500000
FILE190526-182923F-47.jpg ,25.22588          ,121.51565         ,25.32             ,150    ,2019-05-26 10:29:45
FILE190526-182923F-48.jpg ,25.225828333333332,121.51568083333333,25.36             ,151    ,2019-05-26 10:29:45.500000
FILE190526-182923F-49.jpg ,25.22577666666667 ,121.51571166666666,25.40             ,152    ,2019-05-26 10:29:46
FILE190526-182923F-50.jpg ,25.225723333333335,121.51574083333333,25.54             ,152    ,2019-05-26 10:29:46.500000
FILE190526-182923F-51.jpg ,25.22567          ,121.51577         ,25.68             ,153    ,2019-05-26 10:29:47
FILE190526-182923F-52.jpg ,25.225615         ,121.51579833333334,26.02             ,154    ,2019-05-26 10:29:47.500000
FILE190526-182923F-53.jpg ,25.22556          ,121.51582666666667,26.36             ,155    ,2019-05-26 10:29:48
FILE190526-182923F-54.jpg ,25.225504166666667,121.5158525       ,26.325            ,156    ,2019-05-26 10:29:48.500000
FILE190526-182923F-55.jpg ,25.225448333333333,121.51587833333333,26.29             ,157    ,2019-05-26 10:29:49
FILE190526-182923F-56.jpg ,25.225390833333332,121.51590250000001,26.45             ,158    ,2019-05-26 10:29:49.500000
FILE190526-182923F-57.jpg ,25.22533333333333 ,121.51592666666667,26.61             ,159    ,2019-05-26 10:29:50
FILE190526-182923F-58.jpg ,25.225274166666665,121.51594833333334,26.73             ,160    ,2019-05-26 10:29:50.500000
FILE190526-182923F-59.jpg ,25.225215         ,121.51597         ,26.85             ,161    ,2019-05-26 10:29:51
FILE190526-182923F-60.jpg ,25.225155833333332,121.51598916666666,26.895000000000003,162    ,2019-05-26 10:29:51.500000
FILE190526-182923F-61.jpg ,25.225096666666666,121.51600833333333,26.94             ,163    ,2019-05-26 10:29:52
FILE190526-182923F-62.jpg ,25.225036666666668,121.51602416666667,26.84             ,165    ,2019-05-26 10:29:52.500000
FILE190526-182923F-63.jpg ,25.224976666666667,121.51604         ,26.74             ,168    ,2019-05-26 10:29:53
FILE190526-182923F-64.jpg ,25.224915833333334,121.51605333333333,26.86             ,169    ,2019-05-26 10:29:53.500000
FILE190526-182923F-65.jpg ,25.224855         ,121.51606666666666,26.98             ,170    ,2019-05-26 10:29:54
FILE190526-182923F-66.jpg ,25.22479416666667 ,121.5160775       ,27.005000000000003,170    ,2019-05-26 10:29:54.500000
FILE190526-182923F-67.jpg ,25.224733333333333,121.51608833333333,27.03             ,171    ,2019-05-26 10:29:55
FILE190526-182923F-68.jpg ,25.2246725        ,121.51609916666666,27.025            ,171    ,2019-05-26 10:29:55.500000
FILE190526-182923F-69.jpg ,25.224611666666668,121.51611         ,27.02             ,171    ,2019-05-26 10:29:56
FILE190526-182923F-70.jpg ,25.22455          ,121.51612166666666,26.915            ,170    ,2019-05-26 10:29:56.500000
FILE190526-182923F-71.jpg ,25.224488333333333,121.51613333333333,26.81             ,169    ,2019-05-26 10:29:57
FILE190526-182923F-72.jpg ,25.224428333333336,121.51614833333333,26.79             ,167    ,2019-05-26 10:29:57.500000
FILE190526-182923F-73.jpg ,25.224368333333334,121.51616333333334,26.77             ,166    ,2019-05-26 10:29:58
FILE190526-182923F-74.jpg ,25.224309166666668,121.51618083333334,26.674999999999997,165    ,2019-05-26 10:29:58.500000
FILE190526-182923F-75.jpg ,25.22425          ,121.51619833333334,26.58             ,164    ,2019-05-26 10:29:59
FILE190526-182923F-76.jpg ,25.224193333333332,121.51621916666667,26.11             ,162    ,2019-05-26 10:29:59.500000
FILE190526-182923F-77.jpg ,25.224136666666666,121.51624         ,25.64             ,160    ,2019-05-26 10:30:00
FILE190526-182923F-78.jpg ,25.224084166666664,121.51626166666667,24.58             ,158    ,2019-05-26 10:30:00.500000
FILE190526-182923F-79.jpg ,25.224031666666665,121.51628333333333,23.52             ,157    ,2019-05-26 10:30:01
FILE190526-182923F-80.jpg ,25.223984166666668,121.5163025       ,22.54             ,158    ,2019-05-26 10:30:01.500000
FILE190526-182923F-81.jpg ,25.223936666666667,121.51632166666667,21.56             ,159    ,2019-05-26 10:30:02
FILE190526-182923F-82.jpg ,25.22389          ,121.516335        ,21.0              ,163    ,2019-05-26 10:30:02.500000
FILE190526-182923F-83.jpg ,25.223843333333335,121.51634833333334,20.44             ,168    ,2019-05-26 10:30:03
FILE190526-182923F-84.jpg ,25.223795833333334,121.51635083333333,20.265            ,174    ,2019-05-26 10:30:03.500000
FILE190526-182923F-85.jpg ,25.223748333333333,121.51635333333333,20.09             ,181    ,2019-05-26 10:30:04
FILE190526-182923F-86.jpg ,25.2237025        ,121.516345        ,20.09             ,187    ,2019-05-26 10:30:04.500000
FILE190526-182923F-87.jpg ,25.223656666666667,121.51633666666666,20.09             ,194    ,2019-05-26 10:30:05
FILE190526-182923F-88.jpg ,25.2236125        ,121.51631666666665,20.105            ,200    ,2019-05-26 10:30:05.500000
FILE190526-182923F-89.jpg ,25.223568333333333,121.51629666666666,20.12             ,206    ,2019-05-26 10:30:06
FILE190526-182923F-90.jpg ,25.223529166666665,121.51626916666666,20.14             ,210    ,2019-05-26 10:30:06.500000
FILE190526-182923F-91.jpg ,25.22349          ,121.51624166666667,20.16             ,215    ,2019-05-26 10:30:07
FILE190526-182923F-92.jpg ,25.22345333333333 ,121.51621166666666,19.994999999999997,216    ,2019-05-26 10:30:07.500000
FILE190526-182923F-93.jpg ,25.223416666666665,121.51618166666667,19.83             ,218    ,2019-05-26 10:30:08
FILE190526-182923F-94.jpg ,25.22338333333333 ,121.5161475       ,19.439999999999998,221    ,2019-05-26 10:30:08.500000
FILE190526-182923F-95.jpg ,25.22335          ,121.51611333333334,19.05             ,224    ,2019-05-26 10:30:09
FILE190526-182923F-96.jpg ,25.223323333333333,121.51607833333333,18.37             ,228    ,2019-05-26 10:30:09.500000
FILE190526-182923F-97.jpg ,25.223296666666666,121.51604333333333,17.69             ,233    ,2019-05-26 10:30:10
FILE190526-182923F-98.jpg ,25.22328          ,121.51600333333333,17.3              ,240    ,2019-05-26 10:30:10.500000
FILE190526-182923F-99.jpg ,25.223263333333332,121.51596333333333,16.91             ,248    ,2019-05-26 10:30:11
FILE190526-182923F-100.jpg,25.223256666666664,121.51592         ,17.0              ,256    ,2019-05-26 10:30:11.500000
FILE190526-182923F-101.jpg,25.22325          ,121.51587666666667,17.09             ,265    ,2019-05-26 10:30:12
FILE190526-182923F-102.jpg,25.223255         ,121.5158325       ,17.4              ,273    ,2019-05-26 10:30:12.500000
FILE190526-182923F-103.jpg,25.22326          ,121.51578833333333,17.71             ,281    ,2019-05-26 10:30:13
FILE190526-182923F-104.jpg,25.223274166666666,121.51574500000001,18.145            ,287    ,2019-05-26 10:30:13.500000
FILE190526-182923F-105.jpg,25.223288333333333,121.51570166666667,18.58             ,294    ,2019-05-26 10:30:14
FILE190526-182923F-106.jpg,25.2233125        ,121.51566         ,19.0              ,300    ,2019-05-26 10:30:14.500000
FILE190526-182923F-107.jpg,25.22333666666667 ,121.51561833333334,19.42             ,306    ,2019-05-26 10:30:15
FILE190526-182923F-108.jpg,25.223365833333332,121.51557916666667,19.9              ,308    ,2019-05-26 10:30:15.500000
FILE190526-182923F-109.jpg,25.223395         ,121.51554         ,20.38             ,311    ,2019-05-26 10:30:16
FILE190526-182923F-110.jpg,25.22342833333333 ,121.5155          ,20.68             ,312    ,2019-05-26 10:30:16.500000
FILE190526-182923F-111.jpg,25.223461666666665,121.51546         ,20.98             ,314    ,2019-05-26 10:30:17
FILE190526-182923F-112.jpg,25.2234975        ,121.5154225       ,21.305            ,316    ,2019-05-26 10:30:17.500000
FILE190526-182923F-113.jpg,25.223533333333332,121.515385        ,21.63             ,318    ,2019-05-26 10:30:18
FILE190526-182923F-114.jpg,25.2235725        ,121.51534749999999,22.225            ,318    ,2019-05-26 10:30:18.500000
FILE190526-182923F-115.jpg,25.223611666666667,121.51531         ,22.82             ,318    ,2019-05-26 10:30:19
FILE190526-182923F-116.jpg,25.2236525        ,121.51527         ,23.345            ,318    ,2019-05-26 10:30:19.500000
FILE190526-182923F-117.jpg,25.223693333333333,121.51523         ,23.87             ,319    ,2019-05-26 10:30:20
FILE190526-182923F-118.jpg,25.223735833333333,121.51518916666666,24.384999999999998,319    ,2019-05-26 10:30:20.500000
FILE190526-182923F-119.jpg,25.223778333333332,121.51514833333333,24.90             ,319    ,2019-05-26 10:30:21
FILE190526-182923F-120.jpg,25.223823333333332,121.51510583333334,25.314999999999998,319    ,2019-05-26 10:30:21.500000
FILE190526-182923F-121.jpg,25.223868333333332,121.51506333333333,25.73             ,319    ,2019-05-26 10:30:22
FILE190526-182923F-122.jpg,25.223914999999998,121.51502083333332,26.07             ,319    ,2019-05-26 10:30:22.500000
FILE190526-182923F-123.jpg,25.223961666666668,121.51497833333333,26.41             ,320    ,2019-05-26 10:30:23
FILE190526-182923F-124.jpg,25.22400916666667 ,121.51493833333333,26.265            ,321    ,2019-05-26 10:30:23.500000
FILE190526-182923F-125.jpg,25.224056666666666,121.51489833333333,26.12             ,323    ,2019-05-26 10:30:24
FILE190526-182923F-126.jpg,25.224106666666664,121.51486166666666,26.03             ,325    ,2019-05-26 10:30:24.500000
FILE190526-182923F-127.jpg,25.224156666666666,121.514825        ,25.94             ,327    ,2019-05-26 10:30:25
FILE190526-182923F-128.jpg,25.224206666666667,121.51479166666667,25.535            ,328    ,2019-05-26 10:30:25.500000
FILE190526-182923F-129.jpg,25.224256666666665,121.51475833333333,25.13             ,329    ,2019-05-26 10:30:26
FILE190526-182923F-130.jpg,25.22430333333333 ,121.51472583333333,24.41             ,328    ,2019-05-26 10:30:26.500000
FILE190526-182923F-131.jpg,25.22435          ,121.51469333333333,23.69             ,327    ,2019-05-26 10:30:27
FILE190526-182923F-132.jpg,25.224390833333334,121.5146575       ,22.89             ,322    ,2019-05-26 10:30:27.500000
FILE190526-182923F-133.jpg,25.224431666666668,121.51462166666667,22.09             ,318    ,2019-05-26 10:30:28
FILE190526-182923F-134.jpg,25.224463333333333,121.51458         ,21.48             ,312    ,2019-05-26 10:30:28.500000
FILE190526-182923F-135.jpg,25.224495         ,121.51453833333333,20.87             ,306    ,2019-05-26 10:30:29
FILE190526-182923F-136.jpg,25.2245175        ,121.5144925       ,20.525            ,300    ,2019-05-26 10:30:29.500000
FILE190526-182923F-137.jpg,25.22454          ,121.51444666666667,20.18             ,294    ,2019-05-26 10:30:30
FILE190526-182923F-138.jpg,25.224551666666667,121.51439833333333,19.88             ,287    ,2019-05-26 10:30:30.500000
FILE190526-182923F-139.jpg,25.224563333333332,121.51435         ,19.58             ,281    ,2019-05-26 10:30:31
FILE190526-182923F-140.jpg,25.224565         ,121.51429999999999,19.58             ,274    ,2019-05-26 10:30:31.500000
FILE190526-182923F-141.jpg,25.224566666666668,121.51425         ,19.58             ,267    ,2019-05-26 10:30:32
FILE190526-182923F-142.jpg,25.224559166666666,121.5142          ,20.0              ,262    ,2019-05-26 10:30:32.500000
FILE190526-182923F-143.jpg,25.224551666666667,121.51415         ,20.42             ,258    ,2019-05-26 10:30:33
FILE190526-182923F-144.jpg,25.224540833333336,121.51409666666666,20.975            ,257    ,2019-05-26 10:30:33.500000
FILE190526-182923F-145.jpg,25.22453          ,121.51404333333333,21.53             ,256    ,2019-05-26 10:30:34
FILE190526-182923F-146.jpg,25.224518333333336,121.51398833333333,21.855            ,256    ,2019-05-26 10:30:34.500000
FILE190526-182923F-147.jpg,25.224506666666667,121.51393333333333,22.18             ,256    ,2019-05-26 10:30:35
FILE190526-182923F-148.jpg,25.224495833333336,121.51387583333333,22.615000000000002,257    ,2019-05-26 10:30:35.500000
FILE190526-182923F-149.jpg,25.224485         ,121.51381833333333,23.05             ,258    ,2019-05-26 10:30:36
FILE190526-182923F-150.jpg,25.224474999999998,121.51376333333333,22.405            ,257    ,2019-05-26 10:30:36.500000
FILE190526-182923F-151.jpg,25.224465         ,121.51370833333333,21.76             ,257    ,2019-05-26 10:30:37
FILE190526-182923F-152.jpg,25.224450833333332,121.51365833333332,20.770000000000003,253    ,2019-05-26 10:30:37.500000
FILE190526-182923F-153.jpg,25.224436666666666,121.51360833333334,19.78             ,249    ,2019-05-26 10:30:38
FILE190526-182923F-154.jpg,25.22441166666667 ,121.51357166666668,18.755000000000003,237    ,2019-05-26 10:30:38.500000
FILE190526-182923F-155.jpg,25.224386666666668,121.513535        ,17.73             ,226    ,2019-05-26 10:30:39
FILE190526-182923F-156.jpg,25.224354166666668,121.51351333333334,17.005000000000003,214    ,2019-05-26 10:30:39.500000
FILE190526-182923F-157.jpg,25.22432166666667 ,121.51349166666667,16.28             ,202    ,2019-05-26 10:30:40
FILE190526-182923F-158.jpg,25.224283333333332,121.51348416666667,16.715            ,193    ,2019-05-26 10:30:40.500000
FILE190526-182923F-159.jpg,25.224245         ,121.51347666666666,17.15             ,185    ,2019-05-26 10:30:41
FILE190526-182923F-160.jpg,25.224204999999998,121.51348333333334,17.57             ,175    ,2019-05-26 10:30:41.500000
FILE190526-182923F-161.jpg,25.224165         ,121.51349         ,17.99             ,165    ,2019-05-26 10:30:42
FILE190526-182923F-162.jpg,25.22412333333333 ,121.5135075       ,18.729999999999997,161    ,2019-05-26 10:30:42.500000
FILE190526-182923F-163.jpg,25.224081666666667,121.513525        ,19.47             ,157    ,2019-05-26 10:30:43
FILE190526-182923F-164.jpg,25.224039166666667,121.5135475       ,20.07             ,155    ,2019-05-26 10:30:43.500000
FILE190526-182923F-165.jpg,25.223996666666668,121.51357         ,20.67             ,153    ,2019-05-26 10:30:44
FILE190526-182923F-166.jpg,25.223952500000003,121.51359500000001,21.16             ,153    ,2019-05-26 10:30:44.500000
FILE190526-182923F-167.jpg,25.223908333333334,121.51362         ,21.65             ,153    ,2019-05-26 10:30:45
FILE190526-182923F-168.jpg,25.223862500000003,121.51364583333333,22.005            ,153    ,2019-05-26 10:30:45.500000
FILE190526-182923F-169.jpg,25.223816666666668,121.51367166666667,22.36             ,153    ,2019-05-26 10:30:46
FILE190526-182923F-170.jpg,25.223770000000002,121.5136975       ,22.58             ,153    ,2019-05-26 10:30:46.500000
FILE190526-182923F-171.jpg,25.223723333333332,121.51372333333333,22.80             ,153    ,2019-05-26 10:30:47
FILE190526-182923F-172.jpg,25.223675         ,121.51374833333333,22.98             ,153    ,2019-05-26 10:30:47.500000
FILE190526-182923F-173.jpg,25.223626666666668,121.51377333333333,23.16             ,154    ,2019-05-26 10:30:48
FILE190526-182923F-174.jpg,25.223579166666667,121.51379916666667,23.03             ,153    ,2019-05-26 10:30:48.500000
FILE190526-182923F-175.jpg,25.223531666666666,121.513825        ,22.90             ,153    ,2019-05-26 10:30:49
FILE190526-182923F-176.jpg,25.223483333333334,121.51384916666666,22.81             ,154    ,2019-05-26 10:30:49.500000
FILE190526-182923F-177.jpg,25.223435         ,121.51387333333334,22.72             ,156    ,2019-05-26 10:30:50
FILE190526-182923F-178.jpg,25.223386666666666,121.51389499999999,22.56             ,157    ,2019-05-26 10:30:50.500000
FILE190526-182923F-179.jpg,25.223338333333334,121.51391666666666,22.40             ,159    ,2019-05-26 10:30:51
FILE190526-182923F-180.jpg,25.223288333333336,121.51393583333333,22.384999999999998,161    ,2019-05-26 10:30:51.500000
FILE190526-182923F-181.jpg,25.223238333333335,121.513955        ,22.37             ,163    ,2019-05-26 10:30:52
FILE190526-182923F-182.jpg,25.223188333333333,121.51397         ,22.700000000000003,165    ,2019-05-26 10:30:52.500000
FILE190526-182923F-183.jpg,25.223138333333335,121.513985        ,23.03             ,167    ,2019-05-26 10:30:53
FILE190526-182923F-184.jpg,25.223085         ,121.51399666666667,23.43             ,168    ,2019-05-26 10:30:53.500000
FILE190526-182923F-185.jpg,25.223031666666667,121.51400833333334,23.83             ,170    ,2019-05-26 10:30:54
FILE190526-182923F-186.jpg,25.2229775        ,121.5140175       ,24.265            ,170    ,2019-05-26 10:30:54.500000
FILE190526-182923F-187.jpg,25.222923333333334,121.51402666666667,24.70             ,171    ,2019-05-26 10:30:55
FILE190526-182923F-188.jpg,25.22286916666667 ,121.514035        ,24.445            ,171    ,2019-05-26 10:30:55.500000
FILE190526-182923F-189.jpg,25.222815         ,121.51404333333333,24.19             ,171    ,2019-05-26 10:30:56
FILE190526-182923F-190.jpg,25.222760833333332,121.51405333333334,24.205            ,170    ,2019-05-26 10:30:56.500000
FILE190526-182923F-191.jpg,25.222706666666667,121.51406333333334,24.22             ,170    ,2019-05-26 10:30:57
FILE190526-182923F-192.jpg,25.222652500000002,121.514075        ,24.35             ,169    ,2019-05-26 10:30:57.500000
FILE190526-182923F-193.jpg,25.222598333333334,121.51408666666667,24.48             ,169    ,2019-05-26 10:30:58
FILE190526-182923F-194.jpg,25.222540833333333,121.51409416666667,24.725            ,170    ,2019-05-26 10:30:58.500000
FILE190526-182923F-195.jpg,25.222483333333333,121.51410166666666,24.97             ,171    ,2019-05-26 10:30:59
FILE190526-182923F-196.jpg,25.222425         ,121.51411083333333,25.235            ,172    ,2019-05-26 10:30:59.500000
FILE190526-182923F-197.jpg,25.222366666666666,121.51412         ,25.50             ,173    ,2019-05-26 10:31:00
FILE190526-182923F-198.jpg,25.222309166666665,121.51412666666667,25.369999999999997,173    ,2019-05-26 10:31:00.500000
FILE190526-182923F-199.jpg,25.222251666666665,121.51413333333333,25.24             ,174    ,2019-05-26 10:31:01
FILE190526-182923F-200.jpg,25.222194166666668,121.51413916666667,25.07             ,175    ,2019-05-26 10:31:01.500000
FILE190526-182923F-201.jpg,25.222136666666668,121.514145        ,24.90             ,176    ,2019-05-26 10:31:02
FILE190526-182923F-202.jpg,25.222080833333333,121.51414916666667,24.439999999999998,176    ,2019-05-26 10:31:02.500000
FILE190526-182923F-203.jpg,25.222025         ,121.51415333333334,23.98             ,177    ,2019-05-26 10:31:03
FILE190526-182923F-204.jpg,25.22197083333333 ,121.51415333333334,23.605            ,179    ,2019-05-26 10:31:03.500000
FILE190526-182923F-205.jpg,25.221916666666665,121.51415333333334,23.23             ,182    ,2019-05-26 10:31:04
FILE190526-182923F-206.jpg,25.22186333333333 ,121.51414333333334,23.060000000000002,187    ,2019-05-26 10:31:04.500000
FILE190526-182923F-207.jpg,25.22181          ,121.51413333333333,22.89             ,192    ,2019-05-26 10:31:05
FILE190526-182923F-208.jpg,25.221760000000003,121.51411416666667,22.705            ,196    ,2019-05-26 10:31:05.500000
FILE190526-182923F-209.jpg,25.22171          ,121.514095        ,22.52             ,201    ,2019-05-26 10:31:06
FILE190526-182923F-210.jpg,25.221664166666667,121.51406333333333,23.005            ,208    ,2019-05-26 10:31:06.500000
FILE190526-182923F-211.jpg,25.221618333333332,121.51403166666667,23.49             ,215    ,2019-05-26 10:31:07
FILE190526-182923F-212.jpg,25.2215775        ,121.51399083333334,23.615            ,219    ,2019-05-26 10:31:07.500000
FILE190526-182923F-213.jpg,25.221536666666665,121.51395         ,23.74             ,224    ,2019-05-26 10:31:08
FILE190526-182923F-214.jpg,25.2215           ,121.51390333333333,23.905            ,227    ,2019-05-26 10:31:08.500000
FILE190526-182923F-215.jpg,25.221463333333332,121.51385666666667,24.07             ,230    ,2019-05-26 10:31:09
FILE190526-182923F-216.jpg,25.221426666666666,121.5138075       ,24.355            ,230    ,2019-05-26 10:31:09.500000
FILE190526-182923F-217.jpg,25.22139          ,121.51375833333333,24.64             ,230    ,2019-05-26 10:31:10
FILE190526-182923F-218.jpg,25.22135          ,121.51371166666667,24.965            ,228    ,2019-05-26 10:31:10.500000
FILE190526-182923F-219.jpg,25.22131          ,121.513665        ,25.29             ,226    ,2019-05-26 10:31:11
FILE190526-182923F-220.jpg,25.221266666666665,121.51361916666667,25.634999999999998,225    ,2019-05-26 10:31:11.500000
FILE190526-182923F-221.jpg,25.221223333333334,121.51357333333333,25.98             ,224    ,2019-05-26 10:31:12
FILE190526-182923F-222.jpg,25.221179166666666,121.51352583333333,26.259999999999998,224    ,2019-05-26 10:31:12.500000
FILE190526-182923F-223.jpg,25.221135         ,121.51347833333334,26.54             ,224    ,2019-05-26 10:31:13
FILE190526-182923F-224.jpg,25.221090833333335,121.51342916666667,26.744999999999997,224    ,2019-05-26 10:31:13.500000
FILE190526-182923F-225.jpg,25.221046666666666,121.51338         ,26.95             ,224    ,2019-05-26 10:31:14
FILE190526-182923F-226.jpg,25.221004999999998,121.51333         ,26.595            ,226    ,2019-05-26 10:31:14.500000
FILE190526-182923F-227.jpg,25.220963333333334,121.51328         ,26.24             ,228    ,2019-05-26 10:31:15
FILE190526-182923F-228.jpg,25.220925833333332,121.5132275       ,25.909999999999997,230    ,2019-05-26 10:31:15.500000
FILE190526-182923F-229.jpg,25.220888333333335,121.513175        ,25.58             ,233    ,2019-05-26 10:31:16
FILE190526-182923F-230.jpg,25.220858333333332,121.51311833333334,25.145            ,237    ,2019-05-26 10:31:16.500000
FILE190526-182923F-231.jpg,25.220828333333333,121.51306166666667,24.71             ,241    ,2019-05-26 10:31:17
FILE190526-182923F-232.jpg,25.220808333333334,121.51300333333333,24.515            ,246    ,2019-05-26 10:31:17.500000
FILE190526-182923F-233.jpg,25.220788333333335,121.512945        ,24.32             ,252    ,2019-05-26 10:31:18
FILE190526-182923F-234.jpg,25.220775000000003,121.51288416666667,24.39             ,254    ,2019-05-26 10:31:18.500000
FILE190526-182923F-235.jpg,25.220761666666668,121.51282333333333,24.46             ,257    ,2019-05-26 10:31:19
FILE190526-182923F-236.jpg,25.220750833333334,121.51276333333334,24.205            ,258    ,2019-05-26 10:31:19.500000
FILE190526-182923F-237.jpg,25.22074          ,121.51270333333333,23.95             ,259    ,2019-05-26 10:31:20
FILE190526-182923F-238.jpg,25.220728333333334,121.51264583333332,23.32             ,257    ,2019-05-26 10:31:20.500000
FILE190526-182923F-239.jpg,25.220716666666668,121.51258833333333,22.69             ,256    ,2019-05-26 10:31:21
FILE190526-182923F-240.jpg,25.2207           ,121.512535        ,22.075000000000003,251    ,2019-05-26 10:31:21.500000
FILE190526-182923F-241.jpg,25.220683333333334,121.51248166666667,21.46             ,247    ,2019-05-26 10:31:22
FILE190526-182923F-242.jpg,25.220656666666667,121.5124375       ,20.83             ,240    ,2019-05-26 10:31:22.500000
FILE190526-182923F-243.jpg,25.22063          ,121.51239333333334,20.20             ,233    ,2019-05-26 10:31:23
FILE190526-182923F-244.jpg,25.220596666666665,121.51236333333333,19.395            ,222    ,2019-05-26 10:31:23.500000
FILE190526-182923F-245.jpg,25.220563333333335,121.51233333333333,18.59             ,212    ,2019-05-26 10:31:24
FILE190526-182923F-246.jpg,25.220524166666667,121.51231999999999,18.27             ,201    ,2019-05-26 10:31:24.500000
FILE190526-182923F-247.jpg,25.220485         ,121.51230666666666,17.95             ,190    ,2019-05-26 10:31:25
FILE190526-182923F-248.jpg,25.220444166666667,121.51230416666667,17.875            ,184    ,2019-05-26 10:31:25.500000
FILE190526-182923F-249.jpg,25.220403333333334,121.51230166666667,17.80             ,179    ,2019-05-26 10:31:26
FILE190526-182923F-250.jpg,25.22036166666667 ,121.51230666666666,17.9              ,175    ,2019-05-26 10:31:26.500000
FILE190526-182923F-251.jpg,25.22032          ,121.51231166666666,18.00             ,172    ,2019-05-26 10:31:27
FILE190526-182923F-252.jpg,25.220278333333333,121.5123175       ,18.240000000000002,173    ,2019-05-26 10:31:27.500000
FILE190526-182923F-253.jpg,25.22023666666667 ,121.51232333333333,18.48             ,174    ,2019-05-26 10:31:28
FILE190526-182923F-254.jpg,25.220192500000003,121.51233083333332,19.16             ,173    ,2019-05-26 10:31:28.500000
FILE190526-182923F-255.jpg,25.220148333333334,121.51233833333333,19.84             ,172    ,2019-05-26 10:31:29
FILE190526-182923F-256.jpg,25.2200975        ,121.51234666666667,20.73             ,171    ,2019-05-26 10:31:29.500000
FILE190526-182923F-257.jpg,25.220046666666665,121.512355        ,21.62             ,171    ,2019-05-26 10:31:30
FILE190526-182923F-258.jpg,25.219994166666666,121.5123675       ,22.115000000000002,169    ,2019-05-26 10:31:30.500000
FILE190526-182923F-259.jpg,25.219941666666667,121.51238         ,22.61             ,168    ,2019-05-26 10:31:31
FILE190526-182923F-260.jpg,25.2198875        ,121.51239083333333,22.98             ,168    ,2019-05-26 10:31:31.500000
FILE190526-182923F-261.jpg,25.219833333333334,121.51240166666666,23.35             ,169    ,2019-05-26 10:31:32
FILE190526-182923F-262.jpg,25.2197775        ,121.51241333333333,23.655            ,169    ,2019-05-26 10:31:32.500000
FILE190526-182923F-263.jpg,25.21972166666667 ,121.512425        ,23.96             ,169    ,2019-05-26 10:31:33
FILE190526-182923F-264.jpg,25.219665         ,121.51243333333332,24.105            ,170    ,2019-05-26 10:31:33.500000
FILE190526-182923F-265.jpg,25.219608333333333,121.51244166666666,24.25             ,172    ,2019-05-26 10:31:34
FILE190526-182923F-266.jpg,25.219551666666668,121.51244583333333,24.03             ,174    ,2019-05-26 10:31:34.500000
FILE190526-182923F-267.jpg,25.219495         ,121.51245         ,23.81             ,176    ,2019-05-26 10:31:35
FILE190526-182923F-268.jpg,25.219438333333333,121.51244833333334,24.125            ,179    ,2019-05-26 10:31:35.500000
FILE190526-182923F-269.jpg,25.219381666666667,121.51244666666666,24.44             ,183    ,2019-05-26 10:31:36
FILE190526-182923F-270.jpg,25.219324999999998,121.51244083333333,24.39             ,184    ,2019-05-26 10:31:36.500000
FILE190526-182923F-271.jpg,25.219268333333332,121.512435        ,24.34             ,186    ,2019-05-26 10:31:37
FILE190526-182923F-272.jpg,25.219211666666666,121.51242166666667,24.64             ,188    ,2019-05-26 10:31:37.500000
FILE190526-182923F-273.jpg,25.219155         ,121.51240833333334,24.94             ,191    ,2019-05-26 10:31:38
FILE190526-182923F-274.jpg,25.219098333333335,121.51239416666667,25.035            ,192    ,2019-05-26 10:31:38.500000
FILE190526-182923F-275.jpg,25.219041666666666,121.51238         ,25.13             ,193    ,2019-05-26 10:31:39
FILE190526-182923F-276.jpg,25.218984166666665,121.5123625       ,25.43             ,194    ,2019-05-26 10:31:39.500000
FILE190526-182923F-277.jpg,25.21892666666667 ,121.512345        ,25.73             ,196    ,2019-05-26 10:31:40
FILE190526-182923F-278.jpg,25.218870000000003,121.5123275       ,25.47             ,195    ,2019-05-26 10:31:40.500000
FILE190526-182923F-279.jpg,25.218813333333333,121.51231         ,25.21             ,195    ,2019-05-26 10:31:41
FILE190526-182923F-280.jpg,25.218756666666664,121.51229333333333,25.380000000000003,194    ,2019-05-26 10:31:41.500000
FILE190526-182923F-281.jpg,25.2187           ,121.51227666666666,25.55             ,194    ,2019-05-26 10:31:42
FILE190526-182923F-282.jpg,25.218641666666667,121.51226         ,25.835            ,194    ,2019-05-26 10:31:42.500000
FILE190526-182923F-283.jpg,25.218583333333335,121.51224333333333,26.12             ,195    ,2019-05-26 10:31:43
FILE190526-182923F-284.jpg,25.218525         ,121.5122275       ,25.990000000000002,194    ,2019-05-26 10:31:43.500000
FILE190526-182923F-285.jpg,25.218466666666668,121.51221166666667,25.86             ,193    ,2019-05-26 10:31:44
FILE190526-182923F-286.jpg,25.2184125        ,121.51219750000001,24.865000000000002,193    ,2019-05-26 10:31:44.500000
FILE190526-182923F-287.jpg,25.218358333333335,121.51218333333334,23.87             ,194    ,2019-05-26 10:31:45
FILE190526-182923F-288.jpg,25.218310000000002,121.51216833333334,22.46             ,196    ,2019-05-26 10:31:45.500000
FILE190526-182923F-289.jpg,25.218261666666667,121.51215333333333,21.05             ,198    ,2019-05-26 10:31:46
FILE190526-182923F-290.jpg,25.218215833333332,121.51213916666666,20.8              ,198    ,2019-05-26 10:31:46.500000
FILE190526-182923F-291.jpg,25.21817          ,121.512125        ,20.55             ,199    ,2019-05-26 10:31:47
FILE190526-182923F-292.jpg,25.218128333333333,121.5121          ,20.37             ,205    ,2019-05-26 10:31:47.500000
FILE190526-182923F-293.jpg,25.218086666666668,121.512075        ,20.19             ,212    ,2019-05-26 10:31:48
FILE190526-182923F-294.jpg,25.2180525        ,121.51204         ,20.075000000000003,220    ,2019-05-26 10:31:48.500000
FILE190526-182923F-295.jpg,25.218018333333333,121.512005        ,19.96             ,228    ,2019-05-26 10:31:49
FILE190526-182923F-296.jpg,25.217994166666667,121.51195916666667,20.195            ,235    ,2019-05-26 10:31:49.500000
FILE190526-182923F-297.jpg,25.21797          ,121.51191333333334,20.43             ,242    ,2019-05-26 10:31:50
FILE190526-182923F-298.jpg,25.217954166666665,121.51186333333334,21.005            ,249    ,2019-05-26 10:31:50.500000
FILE190526-182923F-299.jpg,25.217938333333333,121.51181333333334,21.58             ,256    ,2019-05-26 10:31:51
FILE190526-182923F-300.jpg,25.21793          ,121.5117575       ,22.215            ,260    ,2019-05-26 10:31:51.500000
FILE190526-182923F-301.jpg,25.217921666666665,121.51170166666667,22.85             ,265    ,2019-05-26 10:31:52
FILE190526-182923F-302.jpg,25.217924166666666,121.51163916666667,23.185000000000002,270    ,2019-05-26 10:31:52.500000
FILE190526-182923F-303.jpg,25.217926666666667,121.51157666666667,23.52             ,276    ,2019-05-26 10:31:53
FILE190526-182923F-304.jpg,25.217938333333333,121.51151916666666,23.799999999999997,282    ,2019-05-26 10:31:53.500000
FILE190526-182923F-305.jpg,25.21795          ,121.51146166666666,24.08             ,288    ,2019-05-26 10:31:54
FILE190526-182923F-306.jpg,25.21797          ,121.51140416666667,24.24             ,290    ,2019-05-26 10:31:54.500000
FILE190526-182923F-307.jpg,25.21799          ,121.51134666666667,24.40             ,293    ,2019-05-26 10:31:55
FILE190526-182923F-308.jpg,25.21801          ,121.51129         ,24.21             ,292    ,2019-05-26 10:31:55.500000
FILE190526-182923F-309.jpg,25.21803          ,121.51123333333334,24.02             ,291    ,2019-05-26 10:31:56
FILE190526-182923F-310.jpg,25.218045833333335,121.5111775       ,23.68             ,288    ,2019-05-26 10:31:56.500000
FILE190526-182923F-311.jpg,25.218061666666667,121.51112166666667,23.34             ,285    ,2019-05-26 10:31:57
FILE190526-182923F-312.jpg,25.218069166666666,121.51106416666667,23.119999999999997,280    ,2019-05-26 10:31:57.500000
FILE190526-182923F-313.jpg,25.218076666666665,121.51100666666666,22.90             ,276    ,2019-05-26 10:31:58
FILE190526-182923F-314.jpg,25.218075         ,121.51094916666666,22.91             ,270    ,2019-05-26 10:31:58.500000
FILE190526-182923F-315.jpg,25.218073333333333,121.51089166666667,22.92             ,265    ,2019-05-26 10:31:59
FILE190526-182923F-316.jpg,25.218063333333333,121.510835        ,22.895000000000003,260    ,2019-05-26 10:31:59.500000
FILE190526-182923F-317.jpg,25.218053333333334,121.51077833333333,22.87             ,255    ,2019-05-26 10:32:00
FILE190526-182923F-318.jpg,25.21803416666667 ,121.51072416666668,22.75             ,250    ,2019-05-26 10:32:00.500000
FILE190526-182923F-319.jpg,25.218015         ,121.51067         ,22.63             ,246    ,2019-05-26 10:32:01
FILE190526-182923F-320.jpg,25.21798916666667 ,121.51061916666667,22.54             ,241    ,2019-05-26 10:32:01.500000
FILE190526-182923F-321.jpg,25.217963333333334,121.51056833333334,22.45             ,237    ,2019-05-26 10:32:02
FILE190526-182923F-322.jpg,25.217930833333334,121.51052166666668,22.695            ,232    ,2019-05-26 10:32:02.500000
FILE190526-182923F-323.jpg,25.217898333333334,121.510475        ,22.94             ,228    ,2019-05-26 10:32:03
FILE190526-182923F-324.jpg,25.2178575        ,121.51043333333334,23.395000000000003,223    ,2019-05-26 10:32:03.500000
FILE190526-182923F-325.jpg,25.217816666666668,121.51039166666666,23.85             ,219    ,2019-05-26 10:32:04
FILE190526-182923F-326.jpg,25.217770833333333,121.510355        ,24.240000000000002,216    ,2019-05-26 10:32:04.500000
FILE190526-182923F-327.jpg,25.217725         ,121.51031833333333,24.63             ,214    ,2019-05-26 10:32:05
FILE190526-182923F-328.jpg,25.21767666666667 ,121.51028416666666,24.86             ,213    ,2019-05-26 10:32:05.500000
FILE190526-182923F-329.jpg,25.217628333333334,121.51025         ,25.09             ,212    ,2019-05-26 10:32:06
FILE190526-182923F-330.jpg,25.217578333333336,121.51021583333333,24.985            ,212    ,2019-05-26 10:32:06.500000
FILE190526-182923F-331.jpg,25.217528333333334,121.51018166666667,24.88             ,212    ,2019-05-26 10:32:07
FILE190526-182923F-332.jpg,25.217479166666667,121.51014833333333,25.075            ,211    ,2019-05-26 10:32:07.500000
FILE190526-182923F-333.jpg,25.21743          ,121.510115        ,25.27             ,211    ,2019-05-26 10:32:08
FILE190526-182923F-334.jpg,25.21738          ,121.51007916666666,25.525            ,212    ,2019-05-26 10:32:08.500000
FILE190526-182923F-335.jpg,25.21733          ,121.51004333333333,25.78             ,213    ,2019-05-26 10:32:09
FILE190526-182923F-336.jpg,25.217280833333334,121.51000583333334,25.91             ,213    ,2019-05-26 10:32:09.500000
FILE190526-182923F-337.jpg,25.217231666666667,121.50996833333333,26.04             ,214    ,2019-05-26 10:32:10
FILE190526-182923F-338.jpg,25.217180833333334,121.50993         ,26.325            ,214    ,2019-05-26 10:32:10.500000
FILE190526-182923F-339.jpg,25.21713          ,121.50989166666666,26.61             ,214    ,2019-05-26 10:32:11
FILE190526-182923F-340.jpg,25.217077500000002,121.50985583333333,26.665            ,212    ,2019-05-26 10:32:11.500000
FILE190526-182923F-341.jpg,25.217025         ,121.50982         ,26.72             ,211    ,2019-05-26 10:32:12
FILE190526-182923F-342.jpg,25.216970833333335,121.50979000000001,26.575            ,207    ,2019-05-26 10:32:12.500000
FILE190526-182923F-343.jpg,25.216916666666666,121.50976         ,26.43             ,203    ,2019-05-26 10:32:13
FILE190526-182923F-344.jpg,25.216861666666667,121.50974166666666,25.18             ,198    ,2019-05-26 10:32:13.500000
FILE190526-182923F-345.jpg,25.216806666666667,121.50972333333333,23.93             ,193    ,2019-05-26 10:32:14
FILE190526-182923F-346.jpg,25.216755833333334,121.50971999999999,22.810000000000002,186    ,2019-05-26 10:32:14.500000
FILE190526-182923F-347.jpg,25.216705         ,121.50971666666666,21.69             ,179    ,2019-05-26 10:32:15
FILE190526-182923F-348.jpg,25.216655833333334,121.50972583333333,21.770000000000003,172    ,2019-05-26 10:32:15.500000
FILE190526-182923F-349.jpg,25.216606666666667,121.509735        ,21.85             ,165    ,2019-05-26 10:32:16
FILE190526-182923F-350.jpg,25.21655833333333 ,121.50975416666667,22.15             ,160    ,2019-05-26 10:32:16.500000
FILE190526-182923F-351.jpg,25.21651          ,121.50977333333333,22.45             ,156    ,2019-05-26 10:32:17
FILE190526-182923F-352.jpg,25.21646416666667 ,121.50980333333334,22.97             ,151    ,2019-05-26 10:32:17.500000
FILE190526-182923F-353.jpg,25.216418333333333,121.50983333333333,23.49             ,147    ,2019-05-26 10:32:18
FILE190526-182923F-354.jpg,25.216374166666668,121.50987166666667,23.95             ,142    ,2019-05-26 10:32:18.500000
FILE190526-182923F-355.jpg,25.21633          ,121.50991         ,24.41             ,138    ,2019-05-26 10:32:19
FILE190526-182923F-356.jpg,25.216291666666667,121.509955        ,24.189999999999998,134    ,2019-05-26 10:32:19.500000
FILE190526-182923F-357.jpg,25.216253333333334,121.51            ,23.97             ,130    ,2019-05-26 10:32:20
FILE190526-182923F-358.jpg,25.21621916666667 ,121.510045        ,23.435            ,129    ,2019-05-26 10:32:20.500000
FILE190526-182923F-359.jpg,25.216185         ,121.51009         ,22.90             ,129    ,2019-05-26 10:32:21
FILE190526-182923F-360.jpg,25.21615166666667 ,121.51013083333333,21.9              ,130    ,2019-05-26 10:32:21.500000
FILE190526-182923F-361.jpg,25.216118333333334,121.51017166666666,20.90             ,132    ,2019-05-26 10:32:22
FILE190526-182923F-362.jpg,25.216080833333333,121.51020416666667,20.88             ,139    ,2019-05-26 10:32:22.500000
FILE190526-182923F-363.jpg,25.21604333333333 ,121.51023666666667,20.86             ,146    ,2019-05-26 10:32:23
FILE190526-182923F-364.jpg,25.2159975        ,121.51025666666666,21.015            ,154    ,2019-05-26 10:32:23.500000
FILE190526-182923F-365.jpg,25.215951666666665,121.51027666666667,21.17             ,162    ,2019-05-26 10:32:24
FILE190526-182923F-366.jpg,25.2159025        ,121.51028166666667,21.355            ,170    ,2019-05-26 10:32:24.500000
FILE190526-182923F-367.jpg,25.21585333333333 ,121.51028666666667,21.54             ,178    ,2019-05-26 10:32:25
FILE190526-182923F-368.jpg,25.215804166666665,121.51027666666667,21.549999999999997,186    ,2019-05-26 10:32:25.500000
FILE190526-182923F-369.jpg,25.215755         ,121.51026666666667,21.56             ,195    ,2019-05-26 10:32:26
FILE190526-182923F-370.jpg,25.215710833333333,121.51024000000001,21.765            ,204    ,2019-05-26 10:32:26.500000
FILE190526-182923F-371.jpg,25.215666666666667,121.51021333333334,21.97             ,213    ,2019-05-26 10:32:27
FILE190526-182923F-372.jpg,25.215626666666665,121.510175        ,22.6              ,218    ,2019-05-26 10:32:27.500000
FILE190526-182923F-373.jpg,25.215586666666667,121.51013666666667,23.23             ,224    ,2019-05-26 10:32:28
FILE190526-182923F-374.jpg,25.215551666666666,121.51008916666666,23.655            ,228    ,2019-05-26 10:32:28.500000
FILE190526-182923F-375.jpg,25.215516666666666,121.51004166666667,24.08             ,233    ,2019-05-26 10:32:29
FILE190526-182923F-376.jpg,25.215489166666664,121.5099875       ,24.06             ,238    ,2019-05-26 10:32:29.500000
FILE190526-182923F-377.jpg,25.215461666666666,121.50993333333334,24.04             ,243    ,2019-05-26 10:32:30
FILE190526-182923F-378.jpg,25.215445         ,121.50987583333333,23.759999999999998,249    ,2019-05-26 10:32:30.500000
FILE190526-182923F-379.jpg,25.215428333333332,121.50981833333333,23.48             ,255    ,2019-05-26 10:32:31
FILE190526-182923F-380.jpg,25.215420833333333,121.50975916666667,23.439999999999998,260    ,2019-05-26 10:32:31.500000
FILE190526-182923F-381.jpg,25.215413333333334,121.5097          ,23.40             ,266    ,2019-05-26 10:32:32
FILE190526-182923F-382.jpg,25.215422500000003,121.50964416666667,22.915            ,275    ,2019-05-26 10:32:32.500000
FILE190526-182923F-383.jpg,25.215431666666667,121.50958833333334,22.43             ,284    ,2019-05-26 10:32:33
FILE190526-182923F-384.jpg,25.215454166666667,121.5095375       ,22.259999999999998,291    ,2019-05-26 10:32:33.500000
FILE190526-182923F-385.jpg,25.215476666666667,121.50948666666666,22.09             ,299    ,2019-05-26 10:32:34
FILE190526-182923F-386.jpg,25.215508333333332,121.50944333333334,21.759999999999998,305    ,2019-05-26 10:32:34.500000
FILE190526-182923F-387.jpg,25.21554          ,121.5094          ,21.43             ,311    ,2019-05-26 10:32:35
FILE190526-182923F-388.jpg,25.215576666666667,121.509365        ,21.08             ,316    ,2019-05-26 10:32:35.500000
FILE190526-182923F-389.jpg,25.215613333333334,121.50933         ,20.73             ,321    ,2019-05-26 10:32:36
FILE190526-182923F-390.jpg,25.21565          ,121.50929833333333,20.35             ,321    ,2019-05-26 10:32:36.500000
FILE190526-182923F-391.jpg,25.215686666666667,121.50926666666666,19.97             ,322    ,2019-05-26 10:32:37
FILE190526-182923F-392.jpg,25.215718333333335,121.50923583333332,18.915            ,318    ,2019-05-26 10:32:37.500000
FILE190526-182923F-393.jpg,25.21575          ,121.509205        ,17.86             ,315    ,2019-05-26 10:32:38
FILE190526-182923F-394.jpg,25.215770833333334,121.50916749999999,17.595            ,307    ,2019-05-26 10:32:38.500000
FILE190526-182923F-395.jpg,25.215791666666668,121.50913         ,17.33             ,299    ,2019-05-26 10:32:39
FILE190526-182923F-396.jpg,25.215805000000003,121.50908833333332,17.46             ,292    ,2019-05-26 10:32:39.500000
FILE190526-182923F-397.jpg,25.215818333333335,121.50904666666666,17.59             ,286    ,2019-05-26 10:32:40
FILE190526-182923F-398.jpg,25.215820833333332,121.509           ,17.965            ,278    ,2019-05-26 10:32:40.500000
FILE190526-182923F-399.jpg,25.215823333333333,121.50895333333334,18.34             ,270    ,2019-05-26 10:32:41
FILE190526-182923F-400.jpg,25.215814166666668,121.50890666666666,18.655            ,262    ,2019-05-26 10:32:41.500000
FILE190526-182923F-401.jpg,25.215805         ,121.50886         ,18.97             ,255    ,2019-05-26 10:32:42
FILE190526-182923F-402.jpg,25.215787499999998,121.50881416666667,19.32             ,248    ,2019-05-26 10:32:42.500000
FILE190526-182923F-403.jpg,25.21577          ,121.50876833333334,19.67             ,242    ,2019-05-26 10:32:43
FILE190526-182923F-404.jpg,25.215743333333332,121.50872666666666,20.090000000000003,236    ,2019-05-26 10:32:43.500000
FILE190526-182923F-405.jpg,25.215716666666665,121.508685        ,20.51             ,231    ,2019-05-26 10:32:44
FILE190526-182923F-406.jpg,25.21568333333333 ,121.50864583333333,21.03             ,227    ,2019-05-26 10:32:44.500000
FILE190526-182923F-407.jpg,25.21565          ,121.50860666666667,21.55             ,224    ,2019-05-26 10:32:45
FILE190526-182923F-408.jpg,25.215609999999998,121.5085725       ,22.09             ,220    ,2019-05-26 10:32:45.500000
FILE190526-182923F-409.jpg,25.21557          ,121.50853833333333,22.63             ,216    ,2019-05-26 10:32:46
FILE190526-182923F-410.jpg,25.215523333333334,121.50850750000001,23.28             ,212    ,2019-05-26 10:32:46.500000
FILE190526-182923F-411.jpg,25.215476666666667,121.50847666666667,23.93             ,208    ,2019-05-26 10:32:47
FILE190526-182923F-412.jpg,25.215425         ,121.50845000000001,24.435000000000002,206    ,2019-05-26 10:32:47.500000
FILE190526-182923F-413.jpg,25.215373333333332,121.50842333333334,24.94             ,204    ,2019-05-26 10:32:48
FILE190526-182923F-414.jpg,25.215317499999998,121.5084          ,25.685000000000002,202    ,2019-05-26 10:32:48.500000
FILE190526-182923F-415.jpg,25.215261666666667,121.50837666666666,26.43             ,201    ,2019-05-26 10:32:49
FILE190526-182923F-416.jpg,25.215203333333335,121.50835583333333,26.625            ,199    ,2019-05-26 10:32:49.500000
FILE190526-182923F-417.jpg,25.215145         ,121.508335        ,26.82             ,197    ,2019-05-26 10:32:50
FILE190526-182923F-418.jpg,25.215086666666664,121.50831500000001,26.735            ,197    ,2019-05-26 10:32:50.500000
FILE190526-182923F-419.jpg,25.215028333333333,121.508295        ,26.65             ,197    ,2019-05-26 10:32:51
FILE190526-182923F-420.jpg,25.21497          ,121.50827416666667,26.525            ,198    ,2019-05-26 10:32:51.500000
FILE190526-182923F-421.jpg,25.214911666666666,121.50825333333333,26.40             ,199    ,2019-05-26 10:32:52
FILE190526-182923F-422.jpg,25.2148575        ,121.50822583333334,26.195            ,203    ,2019-05-26 10:32:52.500000
FILE190526-182923F-423.jpg,25.214803333333332,121.50819833333334,25.99             ,207    ,2019-05-26 10:32:53
FILE190526-182923F-424.jpg,25.214755         ,121.50816166666667,25.759999999999998,212    ,2019-05-26 10:32:53.500000
FILE190526-182923F-425.jpg,25.214706666666668,121.508125        ,25.53             ,218    ,2019-05-26 10:32:54
FILE190526-182923F-426.jpg,25.214668333333336,121.50807833333334,24.9              ,224    ,2019-05-26 10:32:54.500000
FILE190526-182923F-427.jpg,25.21463          ,121.50803166666667,24.27             ,230    ,2019-05-26 10:32:55
FILE190526-182923F-428.jpg,25.214598333333335,121.50798416666666,23.814999999999998,232    ,2019-05-26 10:32:55.500000
FILE190526-182923F-429.jpg,25.214566666666666,121.50793666666667,23.36             ,235    ,2019-05-26 10:32:56
FILE190526-182923F-430.jpg,25.214535833333333,121.50788750000001,23.265            ,235    ,2019-05-26 10:32:56.500000
FILE190526-182923F-431.jpg,25.214505         ,121.50783833333334,23.17             ,235    ,2019-05-26 10:32:57
FILE190526-182923F-432.jpg,25.214471666666668,121.50779166666666,23.630000000000003,232    ,2019-05-26 10:32:57.500000
FILE190526-182923F-433.jpg,25.214438333333334,121.507745        ,24.09             ,230    ,2019-05-26 10:32:58
FILE190526-182923F-434.jpg,25.214399166666666,121.50770083333333,24.095            ,226    ,2019-05-26 10:32:58.500000
FILE190526-182923F-435.jpg,25.21436          ,121.50765666666666,24.10             ,223    ,2019-05-26 10:32:59
FILE190526-182923F-436.jpg,25.214315         ,121.50762         ,24.075000000000003,217    ,2019-05-26 10:32:59.500000
FILE190526-182923F-437.jpg,25.21427          ,121.50758333333333,24.05             ,212    ,2019-05-26 10:33:00
FILE190526-182923F-438.jpg,25.214219166666666,121.50755666666666,24.07             ,207    ,2019-05-26 10:33:00.500000
FILE190526-182923F-439.jpg,25.214168333333333,121.50753         ,24.09             ,202    ,2019-05-26 10:33:01
FILE190526-182923F-440.jpg,25.21411416666667 ,121.50751166666666,24.15             ,198    ,2019-05-26 10:33:01.500000
FILE190526-182923F-441.jpg,25.21406          ,121.50749333333333,24.21             ,195    ,2019-05-26 10:33:02
FILE190526-182923F-442.jpg,25.2140075        ,121.50748166666666,23.83             ,192    ,2019-05-26 10:33:02.500000
FILE190526-182923F-443.jpg,25.213955         ,121.50747         ,23.45             ,190    ,2019-05-26 10:33:03
FILE190526-182923F-444.jpg,25.213903333333334,121.50746083333334,22.64             ,188    ,2019-05-26 10:33:03.500000
FILE190526-182923F-445.jpg,25.213851666666667,121.50745166666667,21.83             ,187    ,2019-05-26 10:33:04
FILE190526-182923F-446.jpg,25.213800833333334,121.50744916666667,21.63             ,183    ,2019-05-26 10:33:04.500000
FILE190526-182923F-447.jpg,25.21375          ,121.50744666666667,21.43             ,180    ,2019-05-26 10:33:05
FILE190526-182923F-448.jpg,25.213701666666665,121.5074525       ,21.240000000000002,175    ,2019-05-26 10:33:05.500000
FILE190526-182923F-449.jpg,25.213653333333333,121.50745833333333,21.05             ,170    ,2019-05-26 10:33:06
FILE190526-182923F-450.jpg,25.213605833333332,121.50747583333333,21.25             ,163    ,2019-05-26 10:33:06.500000
FILE190526-182923F-451.jpg,25.213558333333335,121.50749333333333,21.45             ,157    ,2019-05-26 10:33:07
FILE190526-182923F-452.jpg,25.213515833333332,121.50752166666666,21.47             ,150    ,2019-05-26 10:33:07.500000
FILE190526-182923F-453.jpg,25.213473333333333,121.50755         ,21.49             ,144    ,2019-05-26 10:33:08
FILE190526-182923F-454.jpg,25.213439166666667,121.50759         ,21.564999999999998,136    ,2019-05-26 10:33:08.500000
FILE190526-182923F-455.jpg,25.213405         ,121.50763         ,21.64             ,129    ,2019-05-26 10:33:09
FILE190526-182923F-456.jpg,25.21338          ,121.50767833333333,21.845            ,122    ,2019-05-26 10:33:09.500000
FILE190526-182923F-457.jpg,25.213355         ,121.50772666666667,22.05             ,115    ,2019-05-26 10:33:10
FILE190526-182923F-458.jpg,25.213339166666668,121.50778333333334,22.67             ,109    ,2019-05-26 10:33:10.500000
FILE190526-182923F-459.jpg,25.213323333333335,121.50784         ,23.29             ,104    ,2019-05-26 10:33:11
FILE190526-182923F-460.jpg,25.21331166666667 ,121.5079          ,23.985            ,102    ,2019-05-26 10:33:11.500000
FILE190526-182923F-461.jpg,25.2133           ,121.50796         ,24.68             ,100    ,2019-05-26 10:33:12
FILE190526-182923F-462.jpg,25.2132875        ,121.50802333333334,25.295            ,102    ,2019-05-26 10:33:12.500000
FILE190526-182923F-463.jpg,25.213275         ,121.50808666666667,25.91             ,104    ,2019-05-26 10:33:13
FILE190526-182923F-464.jpg,25.213253333333334,121.50814916666667,26.22             ,108    ,2019-05-26 10:33:13.500000
FILE190526-182923F-465.jpg,25.213231666666665,121.50821166666667,26.53             ,112    ,2019-05-26 10:33:14
FILE190526-182923F-466.jpg,25.2132025        ,121.50827000000001,26.275            ,116    ,2019-05-26 10:33:14.500000
FILE190526-182923F-467.jpg,25.213173333333334,121.50832833333334,26.02             ,120    ,2019-05-26 10:33:15
FILE190526-182923F-468.jpg,25.213140000000003,121.50838083333333,25.575            ,122    ,2019-05-26 10:33:15.500000
FILE190526-182923F-469.jpg,25.21310666666667 ,121.50843333333333,25.13             ,125    ,2019-05-26 10:33:16
FILE190526-182923F-470.jpg,25.213072500000003,121.5084875       ,25.384999999999998,124    ,2019-05-26 10:33:16.500000
FILE190526-182923F-471.jpg,25.213038333333333,121.50854166666667,25.64             ,124    ,2019-05-26 10:33:17
FILE190526-182923F-472.jpg,25.213004166666664,121.50859583333335,25.795            ,124    ,2019-05-26 10:33:17.500000
FILE190526-182923F-473.jpg,25.21297          ,121.50865         ,25.95             ,125    ,2019-05-26 10:33:18
FILE190526-182923F-474.jpg,25.212933333333332,121.50870499999999,26.14             ,125    ,2019-05-26 10:33:18.500000
FILE190526-182923F-475.jpg,25.212896666666666,121.50876         ,26.33             ,125    ,2019-05-26 10:33:19
FILE190526-182923F-476.jpg,25.21286333333333 ,121.50881666666666,26.424999999999997,123    ,2019-05-26 10:33:19.500000
FILE190526-182923F-477.jpg,25.21283          ,121.50887333333333,26.52             ,122    ,2019-05-26 10:33:20
FILE190526-182923F-478.jpg,25.212793333333334,121.50892833333333,26.785            ,124    ,2019-05-26 10:33:20.500000
FILE190526-182923F-479.jpg,25.212756666666667,121.50898333333333,27.05             ,126    ,2019-05-26 10:33:21
FILE190526-182923F-480.jpg,25.212719166666666,121.50903666666667,26.625            ,126    ,2019-05-26 10:33:21.500000
FILE190526-182923F-481.jpg,25.21268166666667 ,121.50909         ,26.20             ,127    ,2019-05-26 10:33:22
FILE190526-182923F-482.jpg,25.2126425        ,121.50914333333333,26.325            ,127    ,2019-05-26 10:33:22.500000
FILE190526-182923F-483.jpg,25.212603333333334,121.50919666666667,26.45             ,128    ,2019-05-26 10:33:23
FILE190526-182923F-484.jpg,25.212564999999998,121.5092475       ,26.165            ,128    ,2019-05-26 10:33:23.500000
FILE190526-182923F-485.jpg,25.212526666666665,121.50929833333333,25.88             ,128    ,2019-05-26 10:33:24
FILE190526-182923F-486.jpg,25.212490833333334,121.5093525       ,25.939999999999998,126    ,2019-05-26 10:33:24.500000
FILE190526-182923F-487.jpg,25.212455         ,121.50940666666666,26.00             ,125    ,2019-05-26 10:33:25
FILE190526-182923F-488.jpg,25.212420833333333,121.5094625       ,26.25             ,123    ,2019-05-26 10:33:25.500000
FILE190526-182923F-489.jpg,25.212386666666667,121.50951833333333,26.50             ,122    ,2019-05-26 10:33:26
FILE190526-182923F-490.jpg,25.212354166666668,121.50957666666667,26.72             ,121    ,2019-05-26 10:33:26.500000
FILE190526-182923F-491.jpg,25.212321666666668,121.509635        ,26.94             ,120    ,2019-05-26 10:33:27
FILE190526-182923F-492.jpg,25.212289166666665,121.509695        ,27.095            ,120    ,2019-05-26 10:33:27.500000
FILE190526-182923F-493.jpg,25.212256666666665,121.509755        ,27.25             ,120    ,2019-05-26 10:33:28
FILE190526-182923F-494.jpg,25.212224999999997,121.50981583333333,27.68             ,119    ,2019-05-26 10:33:28.500000
FILE190526-182923F-495.jpg,25.21219333333333 ,121.50987666666667,28.11             ,118    ,2019-05-26 10:33:29
FILE190526-182923F-496.jpg,25.21216583333333 ,121.5099425       ,27.845            ,116    ,2019-05-26 10:33:29.500000
FILE190526-182923F-497.jpg,25.212138333333332,121.51000833333333,27.58             ,115    ,2019-05-26 10:33:30
FILE190526-182923F-498.jpg,25.21211          ,121.51006916666667,27.4              ,114    ,2019-05-26 10:33:30.500000
FILE190526-182923F-499.jpg,25.212081666666666,121.51013         ,27.22             ,114    ,2019-05-26 10:33:31
FILE190526-182923F-500.jpg,25.21205666666667 ,121.51019500000001,27.2              ,113    ,2019-05-26 10:33:31.500000
FILE190526-182923F-501.jpg,25.212031666666668,121.51026         ,27.18             ,113    ,2019-05-26 10:33:32
FILE190526-182923F-502.jpg,25.212006666666667,121.51032333333333,27.07             ,113    ,2019-05-26 10:33:32.500000
FILE190526-182923F-503.jpg,25.211981666666667,121.51038666666666,26.96             ,113    ,2019-05-26 10:33:33
FILE190526-182923F-504.jpg,25.211956666666666,121.51044916666666,26.945            ,113    ,2019-05-26 10:33:33.500000
FILE190526-182923F-505.jpg,25.21193166666667 ,121.51051166666667,26.93             ,113    ,2019-05-26 10:33:34
FILE190526-182923F-506.jpg,25.211905833333333,121.51057333333333,26.645            ,114    ,2019-05-26 10:33:34.500000
FILE190526-182923F-507.jpg,25.21188          ,121.510635        ,26.36             ,115    ,2019-05-26 10:33:35
FILE190526-182923F-508.jpg,25.211850833333333,121.5106925       ,25.985            ,117    ,2019-05-26 10:33:35.500000
FILE190526-182923F-509.jpg,25.211821666666665,121.51075         ,25.61             ,120    ,2019-05-26 10:33:36
FILE190526-182923F-510.jpg,25.21178583333333 ,121.51079916666666,25.13             ,125    ,2019-05-26 10:33:36.500000
FILE190526-182923F-511.jpg,25.21175          ,121.51084833333333,24.65             ,131    ,2019-05-26 10:33:37
FILE190526-182923F-512.jpg,25.211709166666665,121.5108925       ,24.775            ,135    ,2019-05-26 10:33:37.500000
FILE190526-182923F-513.jpg,25.211668333333332,121.51093666666667,24.90             ,139    ,2019-05-26 10:33:38
FILE190526-182923F-514.jpg,25.211623333333332,121.51097999999999,25.15             ,140    ,2019-05-26 10:33:38.500000
FILE190526-182923F-515.jpg,25.211578333333332,121.51102333333333,25.40             ,141    ,2019-05-26 10:33:39
FILE190526-182923F-516.jpg,25.211530833333335,121.511065        ,25.924999999999997,142    ,2019-05-26 10:33:39.500000
FILE190526-182923F-517.jpg,25.211483333333334,121.51110666666666,26.45             ,143    ,2019-05-26 10:33:40
FILE190526-182923F-518.jpg,25.211431666666666,121.51115         ,27.035            ,143    ,2019-05-26 10:33:40.500000
FILE190526-182923F-519.jpg,25.21138          ,121.51119333333334,27.62             ,144    ,2019-05-26 10:33:41
FILE190526-182923F-520.jpg,25.211326666666665,121.511235        ,28.085            ,145    ,2019-05-26 10:33:41.500000
FILE190526-182923F-521.jpg,25.211273333333335,121.51127666666666,28.55             ,146    ,2019-05-26 10:33:42
FILE190526-182923F-522.jpg,25.211218333333335,121.51131666666666,28.365000000000002,146    ,2019-05-26 10:33:42.500000
FILE190526-182923F-523.jpg,25.21116333333333 ,121.51135666666667,28.18             ,147    ,2019-05-26 10:33:43
FILE190526-182923F-524.jpg,25.211109166666667,121.51139416666666,27.55             ,147    ,2019-05-26 10:33:43.500000
FILE190526-182923F-525.jpg,25.211055         ,121.51143166666667,26.92             ,148    ,2019-05-26 10:33:44
FILE190526-182923F-526.jpg,25.2110025        ,121.51146333333332,26.035            ,150    ,2019-05-26 10:33:44.500000
FILE190526-182923F-527.jpg,25.21095          ,121.511495        ,25.15             ,152    ,2019-05-26 10:33:45
FILE190526-182923F-528.jpg,25.210898333333333,121.51151833333333,24.5              ,155    ,2019-05-26 10:33:45.500000
FILE190526-182923F-529.jpg,25.210846666666665,121.51154166666667,23.85             ,159    ,2019-05-26 10:33:46
FILE190526-182923F-530.jpg,25.210793333333335,121.51155333333334,23.685000000000002,166    ,2019-05-26 10:33:46.500000
FILE190526-182923F-531.jpg,25.21074          ,121.511565        ,23.52             ,173    ,2019-05-26 10:33:47
FILE190526-182923F-532.jpg,25.210685833333336,121.51156         ,23.66             ,180    ,2019-05-26 10:33:47.500000
FILE190526-182923F-533.jpg,25.210631666666668,121.511555        ,23.80             ,188    ,2019-05-26 10:33:48
FILE190526-182923F-534.jpg,25.21058          ,121.51153500000001,23.825000000000003,196    ,2019-05-26 10:33:48.500000
FILE190526-182923F-535.jpg,25.210528333333333,121.511515        ,23.85             ,204    ,2019-05-26 10:33:49
FILE190526-182923F-536.jpg,25.210482499999998,121.5114825       ,23.845            ,209    ,2019-05-26 10:33:49.500000
FILE190526-182923F-537.jpg,25.210436666666666,121.51145         ,23.84             ,214    ,2019-05-26 10:33:50
FILE190526-182923F-538.jpg,25.210391666666666,121.51141416666667,23.939999999999998,215    ,2019-05-26 10:33:50.500000
FILE190526-182923F-539.jpg,25.210346666666666,121.51137833333334,24.04             ,216    ,2019-05-26 10:33:51
FILE190526-182923F-540.jpg,25.210303333333336,121.51134250000001,23.795            ,216    ,2019-05-26 10:33:51.500000
FILE190526-182923F-541.jpg,25.21026          ,121.51130666666667,23.55             ,216    ,2019-05-26 10:33:52
FILE190526-182923F-542.jpg,25.210218333333334,121.51127083333333,23.145            ,217    ,2019-05-26 10:33:52.500000
FILE190526-182923F-543.jpg,25.210176666666666,121.511235        ,22.74             ,219    ,2019-05-26 10:33:53
FILE190526-182923F-544.jpg,25.21014          ,121.51119750000001,21.854999999999997,221    ,2019-05-26 10:33:53.500000
FILE190526-182923F-545.jpg,25.210103333333333,121.51116         ,20.97             ,224    ,2019-05-26 10:33:54
FILE190526-182923F-546.jpg,25.2100725        ,121.51112166666667,20.305            ,226    ,2019-05-26 10:33:54.500000
FILE190526-182923F-547.jpg,25.210041666666665,121.51108333333333,19.64             ,229    ,2019-05-26 10:33:55
FILE190526-182923F-548.jpg,25.210014166666667,121.511045        ,19.43             ,230    ,2019-05-26 10:33:55.500000
FILE190526-182923F-549.jpg,25.209986666666666,121.51100666666666,19.22             ,232    ,2019-05-26 10:33:56
FILE190526-182923F-550.jpg,25.209960833333334,121.51096749999999,19.005            ,233    ,2019-05-26 10:33:56.500000
FILE190526-182923F-551.jpg,25.209935         ,121.51092833333334,18.79             ,235    ,2019-05-26 10:33:57
FILE190526-182923F-552.jpg,25.209911666666667,121.51088583333333,19.015            ,236    ,2019-05-26 10:33:57.500000
FILE190526-182923F-553.jpg,25.209888333333332,121.51084333333333,19.24             ,238    ,2019-05-26 10:33:58
FILE190526-182923F-554.jpg,25.209865833333332,121.51079916666666,19.34             ,239    ,2019-05-26 10:33:58.500000
FILE190526-182923F-555.jpg,25.209843333333332,121.510755        ,19.44             ,241    ,2019-05-26 10:33:59
FILE190526-182923F-556.jpg,25.209820833333332,121.51070916666666,19.6              ,240    ,2019-05-26 10:33:59.500000
FILE190526-182923F-557.jpg,25.20979833333333 ,121.51066333333333,19.76             ,240    ,2019-05-26 10:34:00
FILE190526-182923F-558.jpg,25.209775         ,121.51061833333333,19.98             ,239    ,2019-05-26 10:34:00.500000
FILE190526-182923F-559.jpg,25.209751666666666,121.51057333333333,20.20             ,239    ,2019-05-26 10:34:01
FILE190526-182923F-560.jpg,25.2097275        ,121.51052666666666,20.53             ,238    ,2019-05-26 10:34:01.500000
FILE190526-182923F-561.jpg,25.209703333333334,121.51048         ,20.86             ,238    ,2019-05-26 10:34:02
FILE190526-182923F-562.jpg,25.209678333333333,121.51043333333334,21.18             ,238    ,2019-05-26 10:34:02.500000
FILE190526-182923F-563.jpg,25.209653333333332,121.51038666666666,21.50             ,238    ,2019-05-26 10:34:03
FILE190526-182923F-564.jpg,25.209630833333332,121.51033666666666,21.82             ,240    ,2019-05-26 10:34:03.500000
FILE190526-182923F-565.jpg,25.209608333333332,121.51028666666667,22.14             ,243    ,2019-05-26 10:34:04
FILE190526-182923F-566.jpg,25.20959          ,121.51023166666667,22.58             ,247    ,2019-05-26 10:34:04.500000
FILE190526-182923F-567.jpg,25.209571666666665,121.51017666666667,23.02             ,251    ,2019-05-26 10:34:05
FILE190526-182923F-568.jpg,25.209560833333335,121.5101175       ,23.494999999999997,256    ,2019-05-26 10:34:05.500000
FILE190526-182923F-569.jpg,25.20955          ,121.51005833333333,23.97             ,261    ,2019-05-26 10:34:06
FILE190526-182923F-570.jpg,25.209545833333333,121.509995        ,24.65             ,264    ,2019-05-26 10:34:06.500000
FILE190526-182923F-571.jpg,25.209541666666667,121.50993166666666,25.33             ,268    ,2019-05-26 10:34:07
FILE190526-182923F-572.jpg,25.209545833333333,121.50986583333332,25.57             ,271    ,2019-05-26 10:34:07.500000
FILE190526-182923F-573.jpg,25.20955          ,121.5098          ,25.81             ,275    ,2019-05-26 10:34:08
FILE190526-182923F-574.jpg,25.209559166666665,121.50973416666668,26.189999999999998,277    ,2019-05-26 10:34:08.500000
FILE190526-182923F-575.jpg,25.209568333333333,121.50966833333334,26.57             ,280    ,2019-05-26 10:34:09
FILE190526-182923F-576.jpg,25.209579166666664,121.50960166666667,26.9              ,280    ,2019-05-26 10:34:09.500000
FILE190526-182923F-577.jpg,25.20959          ,121.509535        ,27.23             ,281    ,2019-05-26 10:34:10
FILE190526-182923F-578.jpg,25.209601666666664,121.50946583333334,27.67             ,281    ,2019-05-26 10:34:10.500000
FILE190526-182923F-579.jpg,25.209613333333333,121.50939666666666,28.11             ,281    ,2019-05-26 10:34:11
FILE190526-182923F-580.jpg,25.209625000000003,121.50932499999999,28.375            ,280    ,2019-05-26 10:34:11.500000
FILE190526-182923F-581.jpg,25.20963666666667 ,121.50925333333333,28.64             ,280    ,2019-05-26 10:34:12
FILE190526-182923F-582.jpg,25.209648333333334,121.50918250000001,28.41             ,280    ,2019-05-26 10:34:12.500000
FILE190526-182923F-583.jpg,25.20966          ,121.50911166666667,28.18             ,280    ,2019-05-26 10:34:13
FILE190526-182923F-584.jpg,25.2096725        ,121.50904249999999,27.935000000000002,280    ,2019-05-26 10:34:13.500000
FILE190526-182923F-585.jpg,25.209685         ,121.50897333333333,27.69             ,281    ,2019-05-26 10:34:14
FILE190526-182923F-586.jpg,25.2096975        ,121.50890666666666,26.995            ,281    ,2019-05-26 10:34:14.500000
FILE190526-182923F-587.jpg,25.20971          ,121.50884         ,26.30             ,281    ,2019-05-26 10:34:15
FILE190526-182923F-588.jpg,25.2097175        ,121.50877666666668,25.455            ,277    ,2019-05-26 10:34:15.500000
FILE190526-182923F-589.jpg,25.209725         ,121.50871333333333,24.61             ,274    ,2019-05-26 10:34:16
FILE190526-182923F-590.jpg,25.209719166666666,121.50865416666667,23.46             ,266    ,2019-05-26 10:34:16.500000
FILE190526-182923F-591.jpg,25.209713333333333,121.508595        ,22.31             ,258    ,2019-05-26 10:34:17
FILE190526-182923F-592.jpg,25.2096975        ,121.50854333333334,21.875            ,252    ,2019-05-26 10:34:17.500000
FILE190526-182923F-593.jpg,25.20968166666667 ,121.50849166666667,21.44             ,247    ,2019-05-26 10:34:18
FILE190526-182923F-594.jpg,25.2096575        ,121.5084425       ,21.605            ,243    ,2019-05-26 10:34:18.500000
FILE190526-182923F-595.jpg,25.209633333333333,121.50839333333333,21.77             ,239    ,2019-05-26 10:34:19
FILE190526-182923F-596.jpg,25.209604166666665,121.50834583333332,22.205            ,237    ,2019-05-26 10:34:19.500000
FILE190526-182923F-597.jpg,25.209575         ,121.50829833333333,22.64             ,235    ,2019-05-26 10:34:20
FILE190526-182923F-598.jpg,25.2095425        ,121.50825083333334,23.15             ,233    ,2019-05-26 10:34:20.500000
FILE190526-182923F-599.jpg,25.20951          ,121.50820333333333,23.66             ,232    ,2019-05-26 10:34:21
